"Source:","/home/wayne/public_html/projects/hbrc_ros_robot_platform/electrical/master_board/rev_a/master_board.sch"
"Date:","Tue 15 Dec 2020 10:59:29 PM PST"
"Tool:","Eeschema 5.1.7-a382d34a8~88~ubuntu18.04.1"
"Generator:","/usr/share/kicad/plugins/bom_csv_grouped_by_value_with_fp.py"
"Component Count:","224"
"Ref","Qnty","Value","Cmp name","Footprint","Description","Vendor"
"BT1, ","1","COIN_HOLDER6.8R;TE1376164-1","Battery_Cell","HR2:TE1376164-1_COINHOLDER6.8","Single-cell battery",""
"C1, ","1","0.01µF;1005","C","Capacitor_SMD:C_0402_1005Metric","Unpolarized capacitor",""
"C2, C3, ","2","4.7µF;1608","C","Capacitor_SMD:C_0603_1608Metric","Unpolarized capacitor",""
"C4, ","1","1000µF@10Vmin;D10P5H13max","CP1","Capacitor_THT:CP_Radial_D10.0mm_P5.00mm","Polarized capacitor, US symbol",""
"C5, C6, ","2","470µF,25Vmin;D10P5H13max","CP1","Capacitor_THT:CP_Radial_D10.0mm_P5.00mm","Polarized capacitor, US symbol",""
"C7, C9, ","2","16pF;1005","C","Capacitor_SMD:C_0402_1005Metric","Unpolarized capacitor",""
"C8, C10, C14, C15, C16, C17, C18, C19, C20, C21, C22, C23, C24, C25, ","14","0.1µF;1005","C","Capacitor_SMD:C_0402_1005Metric","Unpolarized capacitor",""
"C11, ","1","10µF;1608","C","Capacitor_SMD:C_0603_1608Metric","Unpolarized capacitor",""
"C12, ","1","2.2µF6.3V;1608","C","Capacitor_SMD:C_0603_1608Metric","Unpolarized capacitor",""
"CN1, ","1","USB-C;USB-C,POGND","USB-C;USB-C,POGND","Connector_USB:USB_C_Receptacle_JAE_DX07S024WJ3R400","",""
"CN2, ","1","USB-C;USB-C","USB-C;USB-C","Connector_USB:USB_C_Receptacle_JAE_DX07S024WJ3R400","USB-C Connector",""
"CN3, ","1","RPI_DSP_PWR;M1x2","Conn_01x02","Connector_PinHeader_2.54mm:PinHeader_1x02_P2.54mm_Vertical","Generic connector, single row, 01x02, script generated (kicad-library-utils/schlib/autogen/connector/)",""
"CN4, CN11, CN12, CN13, CN14, CN15, CN16, CN17, ","8","SENSE;M1x3","SENSE;M1x3","Connector_PinHeader_2.54mm:PinHeader_1x03_P2.54mm_Vertical","Sense F1X3",""
"CN5, ","1","LIDAR_ADAPTER;2xF1x4_F1x3","LIDAR_ADAPTER;2xF1x4_F1x3","HR2:LIDAR_ADAPTER_2xF1x4_F1x3","Lidar Adapter Connectors",""
"CN6, CN7, CN8, ","3","SERVO;M1x3","SERVO;M1x3","Connector_PinHeader_2.54mm:PinHeader_1x03_P2.54mm_Vertical","Servo F1X3",""
"CN9, ","1","SERVO;M1x4","SERVO;M1x4","Connector_PinHeader_2.54mm:PinHeader_1x04_P2.54mm_Vertical","Servo M1X4",""
"CN10, ","1","WOW_OUT;M2x6S","WOW_OUT;M2x6S","HR2:PinHeader_2x06_P2.54mm_Vertical_Shrouded","",""
"CN81, CN82, ","2","HCSR04LP;F1X4","HCSR04LP;F1X4","HR2:HCSR04_F1x4H","HC-SR04 Sonar (Low Profile Receptacle)",""
"CN83, CN87, ","2","HCSR04LP;F1X4","HCSR04LP;F1X4","HR2:HCSR04_F1x4","HC-SR04 Sonar (Low Profile Receptacle)",""
"CN84, CN85, CN86, ","3","HCSR04LP;F1X4","HCSR04LP;F1X4","HR2:HCSR04_F1x4LP","HC-SR04 Sonar (Low Profile Receptacle)",""
"CN90, ","1","STADAPTER;F2x4","STADAPTER;F2x4","HR2:STADAPTER_F2x4","ST Adapter Mating Connector",""
"CN91, CN92, ","2","HR2_ENCODER;2xF1x3","ENCODER;2xF1x3","HR2:ENCODER_2xF1x3","HR2 Encoder Connector",""
"CN93, ","1","POLOLU_U3V70F9;F1x4+F1x5","U3V70xMATE;F1x4+F1x5","HR2:U3V70xMATE_F1x4+F1x5","Pololu U3V70x Voltage Regulator Mating Connector",""
"CN94, ","1","RASPI;F2X20","RASPI;F2X20","HR2:RASPI_F2X20","",""
"CN95, ","1","NUCLEO-F767ZI;2xF2x35","NUCLEO-F767ZI;2xF2x35","HR2:NUCLEO_F767ZI_2xF2x35","NUCLEO144-F767ZI",""
"D1, D2, D4, D5, D6, ","5","LEDGRN;1608","LED","LED_SMD:LED_0603_1608Metric","Light emitting diode",""
"D3, ","1","REDLED;1608","LED","LED_SMD:LED_0603_1608Metric","Light emitting diode",""
"D81, D82, D83, D84, D85, D86, D87, D88, D89, D90, D91, D92, D93, D94, D95, D96, ","16","LED;GRNRA","LED","HR2:LED_GRNRA","Light emitting diode",""
"GV81, GV82, GV83, GV85, GV86, ","5","GROVE;20x20","GROVE;20x20","HR2:GROVE20x20","Grove 20x20 Module",""
"H1, H2, H3, H4, H5, H6, ","6","HOLE;M2.5","HOLE;M2.5","MountingHole:MountingHole_2.7mm_M2.5","",""
"JP1, ","1","JUMPER;M1x2","Jumper_NO_Small","Connector_PinHeader_2.54mm:PinHeader_1x02_P2.54mm_Vertical","Jumper, normally open, small symbol",""
"JP2, ","1","LED_EN;M1x3","Jumper_3_Open","Connector_PinHeader_2.54mm:PinHeader_1x03_P2.54mm_Vertical","Jumper, 3-pole, both open",""
"JP3, JP4, JP5, JP6, JP8, ","5","SHUNT;M1x2","Jumper_2_Open","Connector_PinHeader_2.54mm:PinHeader_1x02_P2.54mm_Vertical","Jumper, 2-pole, open",""
"JP7, ","1","EXT_ESTOP;M1x2","Jumper_2_Open","Connector_PinHeader_2.54mm:PinHeader_1x02_P2.54mm_Vertical","Jumper, 2-pole, open",""
"JP9, ","1","RPI_DISP_EN;M1x3","Jumper_3_Open","Connector_PinHeader_2.54mm:PinHeader_1x03_P2.54mm_Vertical","Jumper, 3-pole, both open",""
"Q1, Q27, Q28, ","3","3A_PWR_NMOS_DSG;SOT23","Q_PWR_NMOS_DSG","Package_TO_SOT_SMD:SOT-23","N-MOSFET transistor, drain/source/gate",""
"Q4, Q5, Q6, Q7, Q8, Q9, Q10, Q11, Q12, Q13, Q14, Q15, Q16, Q17, Q18, Q19, Q20, Q22, Q24, Q25, ","20","2N7000;SOT23","2N7000","Package_TO_SOT_SMD:SOT-23","0.2A Id, 200V Vds, N-Channel MOSFET, 2.6V Logic Level, TO-92",""
"Q21, Q23, ","2","PFET_6A;SOT23","Q_PWR_PMOS_GSD","Package_TO_SOT_SMD:SOT-23","P-MOSFET transistor, gate/source/drain",""
"R1, R2, R3, R4, R6, R7, R14, R53, R54, R55, R56, R66, R67, R68, ","14","100KΩ;1005","R_US","Resistor_SMD:R_0402_1005Metric","Resistor, US symbol",""
"R5, ","1","330Ω;1608","R_US","Resistor_SMD:R_0603_1608Metric","Resistor, US symbol",""
"R8, R10, ","2","3.9KΩ;1005","R_US","Resistor_SMD:R_0402_1005Metric","Resistor, US symbol",""
"R9, R15, R17, R58, ","4","470Ω;1608","R_US","Resistor_SMD:R_0603_1608Metric","Resistor, US symbol",""
"R11, R23, ","2","1KΩ;1005","R_US","Resistor_SMD:R_0402_1005Metric","Resistor, US symbol",""
"R12, R13, ","2","4.7KΩ;1005","R_US","Resistor_SMD:R_0402_1005Metric","Resistor, US symbol",""
"R16, ","1","1KΩ;1608","R_US","Resistor_SMD:R_0603_1608Metric","Resistor, US symbol",""
"R18, R19, ","2",".16Ω.25W;2012","R_US","Resistor_SMD:R_0805_2012Metric","Resistor, US symbol",""
"R20, R21, R22, R63, ","4","0Ω;1608","SHUNT","Resistor_SMD:R_1206_3216Metric","0 Ohme Power shunt",""
"R37, R38, R39, R40, R41, R42, R43, R44, R45, R46, R47, R48, R49, R50, R51, R52, ","16","470Ω.25W;1608","R_US","Resistor_SMD:R_0603_1608Metric","Resistor, US symbol",""
"R57, R61, R62, R65, ","4","100KΩ;1608","R_US","Resistor_SMD:R_0603_1608Metric","Resistor, US symbol",""
"R59, R60, ","2","120Ω.25W;1608","R_US","Resistor_SMD:R_0603_1608Metric","Resistor, US symbol",""
"R64, ","1","0Ω;1608","SHUNT","Resistor_SMD:R_0603_1608Metric","0 Ohme Power shunt",""
"R69, R70, R71, R72, ","4","10KΩ;1608","R_US","Resistor_SMD:R_0603_1608Metric","Resistor, US symbol",""
"SW2, SW3, ","2","BUTTON;6x3.5","SW_Push","HR2:BUTTON_6x3.5","Push button switch, generic, two pins",""
"TP1, ","1","USB5V","TestPoint","TestPoint:TestPoint_THTPad_1.5x1.5mm_Drill0.7mm","test point",""
"TP2, TP3, TP4, TP5, TP6, TP11, ","6","GND","TestPoint","TestPoint:TestPoint_THTPad_1.5x1.5mm_Drill0.7mm","test point",""
"TP7, ","1","9V","TestPoint","TestPoint:TestPoint_THTPad_1.5x1.5mm_Drill0.7mm","test point",""
"TP8, ","1","P5V","TestPoint","TestPoint:TestPoint_THTPad_1.5x1.5mm_Drill0.7mm","test point",""
"TP9, ","1","5V","TestPoint","TestPoint:TestPoint_THTPad_1.5x1.5mm_Drill0.7mm","test point",""
"TP10, ","1","3.3V","TestPoint","TestPoint:TestPoint_THTPad_1.5x1.5mm_Drill0.7mm","test point",""
"TP12, ","1","WOW_TX;M1x1","TestPoint","TestPoint:TestPoint_THTPad_1.5x1.5mm_Drill0.7mm","test point",""
"TP13, ","1","WOW_RX;M1x1","TestPoint","TestPoint:TestPoint_THTPad_1.5x1.5mm_Drill0.7mm","test point",""
"TP14, ","1","~nESTOP_SET","TestPoint","TestPoint:TestPoint_THTPad_1.5x1.5mm_Drill0.7mm","test point",""
"TP15, ","1","~nWOW_ESTOP;M1x1","TestPoint","TestPoint:TestPoint_THTPad_1.5x1.5mm_Drill0.7mm","test point",""
"TP16, ","1","SPC_TX;M1x2","TestPoint","TestPoint:TestPoint_THTPad_1.5x1.5mm_Drill0.7mm","test point",""
"TP17, ","1","SBC_RX;M1x2","TestPoint","TestPoint:TestPoint_THTPad_1.5x1.5mm_Drill0.7mm","test point",""
"U1, U20, U21, ","3","LM5050-1;TSOT-23-6","LM5050-1;TSOT-23-6","Package_TO_SOT_SMD:TSOT-23-6","Idealf Diode w/external NFET",""
"U2, ","1","MCP7940;SOIC8","MCP7940;SOIC8","Package_SO:SOIC-8_3.9x4.9mm_P1.27mm","",""
"U3, ","1","CAT24C32;SOIC8","CAT24C32;SOIC8","Package_SO:SOIC-8_3.9x4.9mm_P1.27mm","32Kb I2C EEPROM",""
"U4, ","1","DRV8833PWPR;16HTSSOP","DRV8833PWPR;16HTSSOP","Package_SO:HTSSOP-16-1EP_4.4x5mm_P0.65mm_EP3.4x5mm_Mask3x3mm_ThermalVias","DualH-Bridge Motor Drive",""
"U5, U8, U11, U12, ","4","SN74HC595;TTSOP16","SN74HCS595;TTSOP16","Package_SO:TSSOP-16_4.4x5mm_P0.65mm","Tri-State 8-Bit Shift Register",""
"U6, U7, ","2","SN74HC165;TTSOP16","SN74HCS165;TTSOP16","Package_SO:TSSOP-16_4.4x5mm_P0.65mm","8-Bit Parallel In Serial Out Shift Register",""
"U9, U10, ","2","CD4504B;TTSOP16","CD450B;TTSOP16","Package_SO:TSSOP-16_4.4x5mm_P0.65mm","Hex Level Shifter",""
"U13, U22, ","2","74x11G1;TSOP6","74x11G1","Package_SO:TSOP-6_1.65x3.05mm_P0.95mm","Triple 3-input AND",""
"U14, U15, ","2","MCP2542;SOIC8","MCP2542;SOIC8","Package_SO:SOIC-8_3.9x4.9mm_P1.27mm","MCP2542",""
"U16, ","1","74LVC1G74;TSSOP8","74LVC1G74;TSSOP8","Package_SO:TSSOP-8_3x3mm_P0.65mm","D-type flip-flop edge-trigger/set/reset",""
"U17, U18, ","2","CPC1017N;SOP4W3.8L4.1","CPC1017N;SOP4W3.8WL4.1","Package_SO:SOP-4_3.8x4.1mm_P2.54mm","CPC1017 Solid State Relay",""
"U19, ","1","ACS711;SOIC8","ACS711;SOIC8","Package_SO:SOIC-8_3.9x4.9mm_P1.27mm","",""
"VR1, ","1","AP2114HA-3.3TRG1_1A;SOT223","AP2114HA-3.3TRG1_1A;SOT223","Package_TO_SOT_SMD:SOT-223-3_TabPin2","1A 3.3V LDO Voltage Linear Regulator",""
"X1, ","1","32.768kHz9pF;3.2x1.5","Crystal","Crystal:Crystal_SMD_5032-2Pin_5.0x3.2mm","Two pin crystal",""
